user_id,signup_date,country,platform
1,2025-03-23,Egypt,Android
2,2025-01-15,UAE,iOS
3,2025-01-04,Saudi,Web
4,2025-02-05,Saudi,iOS
5,2025-02-01,Egypt,Web
6,2025-01-29,Egypt,iOS
7,2025-01-18,Egypt,iOS
8,2025-01-14,UAE,Web
9,2025-03-28,Saudi,Android
10,2025-03-11,Saudi,iOS
11,2025-01-12,Egypt,Android
12,2025-03-17,UAE,Web
13,2025-02-24,UAE,Web
14,2025-01-05,Egypt,Android
15,2025-01-04,Egypt,iOS
16,2025-01-12,Egypt,Web
17,2025-01-28,Egypt,Android
18,2025-01-30,Saudi,iOS
19,2025-03-06,Egypt,Web
20,2025-03-19,Egypt,Android
21,2025-01-04,Saudi,iOS
22,2025-03-13,Egypt,Android
23,2025-01-26,Egypt,Web
24,2025-03-25,Egypt,Web
25,2025-03-31,Egypt,Web
26,2025-03-11,Saudi,iOS
27,2025-02-23,Egypt,Web
28,2025-01-29,Saudi,Web
29,2025-02-27,Saudi,Android
30,2025-03-17,Egypt,Web
31,2025-02-05,Saudi,Android
32,2025-01-01,Egypt,iOS
33,2025-01-21,Egypt,Android
34,2025-03-31,UAE,Android
35,2025-02-24,UAE,Android
36,2025-02-13,UAE,iOS
37,2025-02-05,Egypt,Android
38,2025-01-20,Egypt,iOS
39,2025-01-28,Saudi,Android
40,2025-02-13,Egypt,Android
41,2025-01-14,Egypt,iOS
42,2025-01-12,Egypt,iOS
43,2025-02-18,Egypt,Android
44,2025-01-13,UAE,iOS
45,2025-02-15,Egypt,Web
46,2025-02-14,Saudi,iOS
47,2025-03-19,Egypt,Android
48,2025-02-03,Saudi,Android
49,2025-01-06,Saudi,Web
50,2025-02-28,Egypt,Android
51,2025-03-10,UAE,Web
52,2025-01-16,Saudi,iOS
53,2025-02-18,UAE,Web
54,2025-01-11,UAE,iOS
55,2025-03-12,Saudi,Web
56,2025-02-07,UAE,Android
57,2025-03-22,Egypt,iOS
58,2025-03-21,Egypt,Android
59,2025-02-16,Egypt,iOS
60,2025-03-15,Egypt,iOS
61,2025-01-25,Egypt,Web
62,2025-01-09,Egypt,Web
63,2025-01-06,UAE,iOS
64,2025-03-26,Egypt,Android
65,2025-01-30,Egypt,Android
66,2025-02-07,Saudi,iOS
67,2025-01-11,Egypt,Android
68,2025-01-30,UAE,Android
69,2025-01-13,Egypt,Android
70,2025-02-18,UAE,Android
71,2025-02-05,Saudi,Android
72,2025-02-28,Egypt,Android
73,2025-03-23,Egypt,Android
74,2025-02-16,UAE,Android
75,2025-01-21,Saudi,Web
76,2025-02-17,Saudi,Android
77,2025-02-15,Saudi,Android
78,2025-01-27,Egypt,iOS
79,2025-03-27,Egypt,Android
80,2025-02-04,Egypt,Web
81,2025-03-31,UAE,iOS
82,2025-03-29,Saudi,Android
83,2025-03-24,Egypt,Android
84,2025-01-10,Egypt,Web
85,2025-03-19,Egypt,Web
86,2025-03-23,Egypt,iOS
87,2025-01-22,Saudi,iOS
88,2025-03-10,Saudi,Android
89,2025-02-01,UAE,Web
90,2025-01-21,Egypt,Android
91,2025-03-01,Egypt,Web
92,2025-02-18,Saudi,iOS
93,2025-02-04,Saudi,iOS
94,2025-03-23,Saudi,iOS
95,2025-03-30,Saudi,Android
96,2025-03-13,Egypt,Android
97,2025-01-29,Saudi,Android
98,2025-03-29,Egypt,Android
99,2025-02-11,Egypt,iOS
100,2025-01-08,Egypt,Android
101,2025-01-30,Egypt,Android
102,2025-01-05,Saudi,Web
103,2025-02-10,Egypt,Web
104,2025-02-21,Saudi,Web
105,2025-02-04,UAE,Web
106,2025-01-09,Egypt,Android
107,2025-01-28,Egypt,Android
108,2025-03-14,Saudi,iOS
109,2025-02-10,Egypt,iOS
110,2025-01-28,Egypt,Android
111,2025-03-25,Egypt,Web
112,2025-03-05,Egypt,Android
113,2025-02-20,UAE,Android
114,2025-03-24,UAE,iOS
115,2025-02-28,Saudi,iOS
116,2025-01-19,UAE,iOS
117,2025-02-03,UAE,Android
118,2025-01-18,Egypt,Web
119,2025-02-01,UAE,Android
120,2025-03-13,Saudi,Android
121,2025-03-10,UAE,Web
122,2025-02-03,UAE,Web
123,2025-03-16,Egypt,Web
124,2025-02-24,Egypt,Web
125,2025-03-16,Egypt,iOS
126,2025-02-21,Egypt,iOS
127,2025-02-16,UAE,Android
128,2025-01-29,UAE,Android
129,2025-01-18,Egypt,Android
130,2025-03-07,Saudi,Android
131,2025-03-05,Egypt,iOS
132,2025-01-12,Egypt,iOS
133,2025-01-07,Egypt,Android
134,2025-01-15,Egypt,Android
135,2025-01-20,UAE,iOS
136,2025-03-22,Egypt,Android
137,2025-01-21,Saudi,Web
138,2025-03-29,Saudi,iOS
139,2025-02-24,Egypt,iOS
140,2025-03-18,UAE,iOS
141,2025-01-09,UAE,Web
142,2025-02-19,Egypt,Android
143,2025-02-18,Egypt,iOS
144,2025-03-18,Egypt,iOS
145,2025-03-01,Egypt,Android
146,2025-03-09,Egypt,Web
147,2025-02-02,Saudi,iOS
148,2025-03-12,Saudi,iOS
149,2025-01-02,Egypt,Web
150,2025-03-29,Egypt,Web
151,2025-01-15,UAE,iOS
152,2025-03-29,Egypt,Web
153,2025-03-10,Egypt,iOS
154,2025-02-04,Egypt,iOS
155,2025-03-24,UAE,iOS
156,2025-02-13,Egypt,iOS
157,2025-01-15,Saudi,Android
158,2025-02-07,Saudi,Web
159,2025-02-25,Egypt,Web
160,2025-01-21,Saudi,Android
161,2025-02-28,Egypt,Web
162,2025-01-01,Saudi,Android
163,2025-02-03,Saudi,Android
164,2025-03-06,Saudi,iOS
165,2025-01-23,Egypt,Android
166,2025-03-06,UAE,Web
167,2025-01-14,Egypt,Web
168,2025-03-22,Egypt,iOS
169,2025-02-08,Egypt,Android
170,2025-03-23,Saudi,Android
171,2025-03-06,Saudi,iOS
172,2025-03-19,Egypt,Web
173,2025-01-26,Saudi,iOS
174,2025-01-20,Egypt,Android
175,2025-02-17,Saudi,iOS
176,2025-01-21,Egypt,iOS
177,2025-03-11,Saudi,iOS
178,2025-03-09,Egypt,Android
179,2025-01-01,UAE,iOS
180,2025-03-18,Egypt,iOS
181,2025-02-11,Egypt,Web
182,2025-03-04,Egypt,Android
183,2025-01-03,UAE,iOS
184,2025-01-15,UAE,Web
185,2025-02-16,Egypt,Android
186,2025-02-09,Saudi,Web
187,2025-01-31,UAE,iOS
188,2025-01-08,Saudi,Android
189,2025-01-31,Saudi,Android
190,2025-03-14,Egypt,iOS
191,2025-01-11,Egypt,Android
192,2025-01-11,UAE,iOS
193,2025-03-04,UAE,Android
194,2025-01-09,Saudi,iOS
195,2025-03-10,Egypt,Android
196,2025-01-17,Egypt,Web
197,2025-01-17,Saudi,Web
198,2025-03-26,UAE,Web
199,2025-03-02,UAE,iOS
200,2025-03-12,Saudi,Android
201,2025-01-22,Saudi,iOS
202,2025-02-03,Egypt,Android
203,2025-03-09,Egypt,Android
204,2025-03-19,UAE,Android
205,2025-02-24,Saudi,iOS
206,2025-01-28,Egypt,iOS
207,2025-03-11,Egypt,iOS
208,2025-03-30,Saudi,Android
209,2025-01-26,Egypt,Android
210,2025-02-09,Egypt,Web
211,2025-02-21,Saudi,Android
212,2025-03-27,Saudi,iOS
213,2025-03-25,Saudi,Android
214,2025-02-17,Egypt,iOS
215,2025-02-26,Saudi,iOS
216,2025-03-08,Egypt,Android
217,2025-02-27,Egypt,Android
218,2025-01-16,Saudi,iOS
219,2025-02-01,Saudi,iOS
220,2025-01-29,UAE,Android
221,2025-01-09,Saudi,Web
222,2025-02-13,Saudi,Android
223,2025-01-03,Egypt,Android
224,2025-03-17,Egypt,Web
225,2025-03-12,Egypt,Android
226,2025-01-30,Egypt,iOS
227,2025-03-17,UAE,Android
228,2025-01-29,Egypt,Android
229,2025-01-01,UAE,Web
230,2025-01-10,Saudi,Android
231,2025-03-22,Saudi,Web
232,2025-01-08,Saudi,Android
233,2025-01-30,Saudi,Android
234,2025-01-09,Egypt,Android
235,2025-01-05,Egypt,iOS
236,2025-02-12,Saudi,Android
237,2025-01-10,Egypt,Web
238,2025-03-07,Egypt,iOS
239,2025-01-31,Saudi,Web
240,2025-02-05,Egypt,Android
241,2025-03-27,UAE,Web
242,2025-03-04,UAE,iOS
243,2025-01-28,UAE,iOS
244,2025-03-11,Egypt,Web
245,2025-01-17,Egypt,iOS
246,2025-03-15,UAE,iOS
247,2025-03-15,Egypt,Android
248,2025-03-02,UAE,Android
249,2025-02-01,UAE,Web
250,2025-03-02,UAE,iOS
251,2025-02-22,Egypt,iOS
252,2025-01-25,Egypt,iOS
253,2025-01-13,UAE,Android
254,2025-01-13,Egypt,Android
255,2025-03-26,Egypt,iOS
256,2025-02-25,Saudi,Android
257,2025-02-15,UAE,Android
258,2025-02-24,Saudi,iOS
259,2025-02-22,Saudi,Android
260,2025-03-01,Egypt,iOS
261,2025-01-07,Saudi,Android
262,2025-03-28,UAE,iOS
263,2025-03-25,Egypt,Android
264,2025-03-24,Saudi,iOS
265,2025-01-13,UAE,Android
266,2025-01-08,Saudi,Android
267,2025-02-21,Saudi,Android
268,2025-02-13,Saudi,iOS
269,2025-01-14,Egypt,iOS
270,2025-02-01,Egypt,Android
271,2025-01-25,UAE,iOS
272,2025-01-25,UAE,Web
273,2025-03-10,UAE,iOS
274,2025-02-27,UAE,Android
275,2025-01-18,Saudi,iOS
276,2025-02-24,Saudi,Android
277,2025-01-24,Saudi,Android
278,2025-02-05,Saudi,Web
279,2025-03-01,Saudi,Android
280,2025-02-01,Saudi,iOS
281,2025-01-10,UAE,iOS
282,2025-02-26,Egypt,iOS
283,2025-03-12,Egypt,iOS
284,2025-01-13,Egypt,Android
285,2025-01-07,Saudi,Android
286,2025-03-25,Egypt,iOS
287,2025-03-11,Egypt,Android
288,2025-01-02,Saudi,Android
289,2025-01-12,Egypt,Android
290,2025-01-31,Saudi,Android
291,2025-01-22,Egypt,Android
292,2025-02-22,Egypt,Android
293,2025-03-04,UAE,iOS
294,2025-03-03,Egypt,iOS
295,2025-01-28,Egypt,Web
296,2025-02-21,Saudi,Android
297,2025-01-08,Saudi,Android
298,2025-01-22,Egypt,Android
299,2025-02-18,Saudi,iOS
300,2025-01-01,Egypt,iOS
301,2025-02-19,Egypt,Android
302,2025-02-03,Saudi,Web
303,2025-02-28,Saudi,Android
304,2025-02-06,Saudi,iOS
305,2025-02-24,Saudi,iOS
306,2025-03-31,UAE,Web
307,2025-03-13,Saudi,iOS
308,2025-03-26,Egypt,Web
309,2025-03-04,Saudi,Android
310,2025-01-20,Egypt,Web
311,2025-01-25,Egypt,Android
312,2025-02-07,Egypt,Web
313,2025-01-28,Egypt,iOS
314,2025-01-08,UAE,Web
315,2025-03-16,UAE,iOS
316,2025-03-11,Saudi,iOS
317,2025-01-08,Egypt,iOS
318,2025-02-10,Egypt,iOS
319,2025-01-08,Egypt,Android
320,2025-01-07,Egypt,Android
321,2025-03-16,Saudi,Android
322,2025-03-03,Saudi,Android
323,2025-03-06,Saudi,Web
324,2025-03-09,Egypt,Android
325,2025-01-21,UAE,Web
326,2025-01-08,Saudi,Android
327,2025-03-07,Saudi,Android
328,2025-01-11,Saudi,iOS
329,2025-01-24,Egypt,iOS
330,2025-01-09,Egypt,iOS
331,2025-03-18,Egypt,iOS
332,2025-01-09,Saudi,iOS
333,2025-03-28,Egypt,Android
334,2025-01-31,Egypt,Web
335,2025-02-21,Egypt,Web
336,2025-01-16,Egypt,iOS
337,2025-03-14,UAE,Android
338,2025-02-01,Saudi,iOS
339,2025-03-16,Egypt,Android
340,2025-03-18,Egypt,Android
341,2025-01-06,Egypt,Android
342,2025-03-21,Egypt,iOS
343,2025-01-11,Egypt,Web
344,2025-02-23,Egypt,iOS
345,2025-03-26,Egypt,iOS
346,2025-03-16,Saudi,Android
347,2025-03-14,Saudi,Android
348,2025-03-08,Egypt,Android
349,2025-02-10,Egypt,Web
350,2025-02-03,Saudi,Android
351,2025-01-27,Saudi,Web
352,2025-03-27,UAE,iOS
353,2025-02-10,Saudi,Android
354,2025-01-31,Egypt,iOS
355,2025-02-03,Egypt,iOS
356,2025-02-20,Saudi,Web
357,2025-01-17,Egypt,Web
358,2025-03-27,Saudi,Android
359,2025-03-24,UAE,Android
360,2025-02-08,Saudi,iOS
361,2025-02-28,Egypt,Web
362,2025-02-10,Saudi,Android
363,2025-01-10,Egypt,iOS
364,2025-01-02,Saudi,iOS
365,2025-02-28,UAE,iOS
366,2025-03-21,Egypt,Android
367,2025-03-14,UAE,iOS
368,2025-01-13,UAE,Web
369,2025-01-10,Egypt,Android
370,2025-03-10,Egypt,Android
371,2025-01-28,Egypt,Web
372,2025-03-06,Egypt,Android
373,2025-02-03,Egypt,Web
374,2025-01-17,Saudi,iOS
375,2025-02-14,Egypt,Android
376,2025-01-09,Egypt,Web
377,2025-02-01,UAE,Android
378,2025-02-17,Egypt,iOS
379,2025-02-06,UAE,Android
380,2025-01-21,Egypt,iOS
381,2025-02-26,Egypt,Android
382,2025-03-11,Saudi,Android
383,2025-02-08,Saudi,Web
384,2025-03-20,UAE,Android
385,2025-03-25,Saudi,iOS
386,2025-03-09,UAE,Android
387,2025-01-02,Egypt,iOS
388,2025-03-27,Egypt,Android
389,2025-03-12,Saudi,Web
390,2025-02-08,UAE,iOS
391,2025-03-26,UAE,Android
392,2025-01-14,Egypt,Android
393,2025-01-18,Egypt,Android
394,2025-02-03,Saudi,iOS
395,2025-01-15,Egypt,Android
396,2025-01-14,UAE,Web
397,2025-03-12,UAE,Android
398,2025-01-20,Egypt,Android
399,2025-02-04,Saudi,iOS
400,2025-02-06,Saudi,iOS
401,2025-03-19,Egypt,Android
402,2025-01-27,UAE,Android
403,2025-02-13,Saudi,Android
404,2025-01-27,UAE,iOS
405,2025-03-29,Egypt,iOS
406,2025-03-23,UAE,iOS
407,2025-02-03,Egypt,Web
408,2025-03-06,Egypt,Web
409,2025-03-04,UAE,iOS
410,2025-02-02,Egypt,Web
411,2025-01-07,Egypt,Android
412,2025-01-12,UAE,Android
413,2025-03-23,UAE,Android
414,2025-02-24,Saudi,Android
415,2025-02-05,Saudi,iOS
416,2025-01-06,Egypt,Web
417,2025-01-01,Egypt,Android
418,2025-02-12,Egypt,Android
419,2025-01-17,Saudi,iOS
420,2025-03-23,Saudi,Web
421,2025-02-03,Saudi,Android
422,2025-01-21,Saudi,iOS
423,2025-02-26,Egypt,Android
424,2025-03-12,Egypt,Android
425,2025-02-24,Egypt,Web
426,2025-03-13,Saudi,Web
427,2025-01-02,Egypt,Android
428,2025-01-15,UAE,Web
429,2025-01-10,Egypt,iOS
430,2025-03-30,Egypt,Web
431,2025-01-20,Egypt,iOS
432,2025-03-11,Saudi,iOS
433,2025-01-05,Saudi,iOS
434,2025-02-17,Egypt,iOS
435,2025-03-16,Egypt,Android
436,2025-03-12,Saudi,Android
437,2025-01-19,Egypt,Android
438,2025-02-25,UAE,iOS
439,2025-01-17,Saudi,Android
440,2025-01-06,Egypt,iOS
441,2025-02-09,Egypt,Web
442,2025-02-16,UAE,Android
443,2025-01-06,Egypt,iOS
444,2025-02-15,Egypt,Android
445,2025-01-27,UAE,Web
446,2025-03-29,UAE,Android
447,2025-02-01,UAE,iOS
448,2025-03-27,Saudi,Web
449,2025-01-14,Egypt,Web
450,2025-02-15,Egypt,iOS
451,2025-03-13,Saudi,iOS
452,2025-02-22,Saudi,iOS
453,2025-03-21,Egypt,Web
454,2025-01-20,UAE,iOS
455,2025-01-31,Egypt,Android
456,2025-01-21,Egypt,Web
457,2025-01-23,Egypt,iOS
458,2025-02-22,Egypt,iOS
459,2025-01-04,Egypt,Android
460,2025-01-23,Egypt,iOS
461,2025-02-12,Egypt,Android
462,2025-02-22,Saudi,iOS
463,2025-03-27,Saudi,Android
464,2025-02-01,Saudi,iOS
465,2025-02-04,UAE,Web
466,2025-01-21,Egypt,Android
467,2025-03-31,Egypt,Web
468,2025-01-14,UAE,Android
469,2025-02-18,Egypt,Web
470,2025-01-05,UAE,iOS
471,2025-03-02,Egypt,iOS
472,2025-01-29,UAE,iOS
473,2025-01-26,Egypt,Web
474,2025-02-28,UAE,Android
475,2025-02-14,Saudi,Android
476,2025-02-09,UAE,iOS
477,2025-01-30,Egypt,Web
478,2025-01-29,Saudi,iOS
479,2025-01-04,UAE,iOS
480,2025-03-26,Saudi,Android
481,2025-01-25,Saudi,Web
482,2025-02-21,Saudi,Android
483,2025-02-12,Egypt,iOS
484,2025-02-05,Saudi,Android
485,2025-01-09,Saudi,Android
486,2025-02-05,UAE,Android
487,2025-02-14,Egypt,Android
488,2025-03-24,Egypt,iOS
489,2025-03-07,UAE,Android
490,2025-02-21,UAE,Android
491,2025-03-28,Egypt,Android
492,2025-03-10,Saudi,Android
493,2025-02-12,Egypt,Android
494,2025-01-04,Egypt,Android
495,2025-01-15,Egypt,iOS
496,2025-02-03,Egypt,iOS
497,2025-01-23,Saudi,iOS
498,2025-03-16,Egypt,iOS
499,2025-02-03,UAE,Android
500,2025-01-05,UAE,Web
501,2025-01-14,Saudi,iOS
502,2025-03-18,Saudi,iOS
503,2025-02-25,Egypt,Android
504,2025-02-14,UAE,Android
505,2025-02-10,Saudi,Android
506,2025-02-25,Egypt,Android
507,2025-03-19,UAE,iOS
508,2025-03-07,UAE,iOS
509,2025-01-15,UAE,iOS
510,2025-02-19,Saudi,iOS
511,2025-03-15,Saudi,Web
512,2025-01-25,Egypt,iOS
513,2025-02-02,UAE,Web
514,2025-01-06,UAE,Android
515,2025-02-25,Egypt,Android
516,2025-01-01,Egypt,Android
517,2025-03-08,Egypt,iOS
518,2025-03-10,UAE,Web
519,2025-03-29,UAE,Android
520,2025-03-27,Egypt,Web
521,2025-01-26,Saudi,Android
522,2025-02-16,Egypt,Web
523,2025-02-25,UAE,Android
524,2025-01-09,UAE,Android
525,2025-03-27,UAE,iOS
526,2025-02-12,Egypt,Android
527,2025-03-21,Egypt,Android
528,2025-02-10,Egypt,Android
529,2025-03-26,Egypt,Web
530,2025-01-16,UAE,iOS
531,2025-02-08,UAE,Android
532,2025-03-06,UAE,iOS
533,2025-02-09,UAE,iOS
534,2025-03-27,Saudi,Android
535,2025-02-22,Saudi,Android
536,2025-02-11,UAE,Android
537,2025-02-21,UAE,Android
538,2025-03-31,Egypt,iOS
539,2025-02-07,Egypt,Android
540,2025-03-12,Egypt,iOS
541,2025-01-17,UAE,iOS
542,2025-01-25,Saudi,Android
543,2025-02-23,Egypt,iOS
544,2025-03-27,Saudi,Android
545,2025-02-18,Saudi,Web
546,2025-03-28,Egypt,iOS
547,2025-01-23,Egypt,Web
548,2025-03-20,Saudi,iOS
549,2025-03-14,Saudi,Android
550,2025-02-08,Saudi,iOS
551,2025-02-21,Saudi,Web
552,2025-03-12,UAE,iOS
553,2025-01-01,Saudi,Web
554,2025-02-08,Saudi,Web
555,2025-02-06,UAE,Android
556,2025-01-27,Egypt,Android
557,2025-02-25,Egypt,iOS
558,2025-03-16,Egypt,Android
559,2025-03-19,Saudi,Web
560,2025-03-25,Saudi,Web
561,2025-02-11,Saudi,Android
562,2025-03-01,Egypt,Android
563,2025-02-26,Egypt,iOS
564,2025-02-26,Egypt,Android
565,2025-03-28,Egypt,Web
566,2025-01-28,Saudi,Android
567,2025-03-07,Egypt,iOS
568,2025-03-02,Egypt,Android
569,2025-01-22,UAE,iOS
570,2025-03-26,Egypt,iOS
571,2025-01-11,Saudi,iOS
572,2025-02-06,Saudi,Android
573,2025-03-07,Egypt,iOS
574,2025-03-26,Saudi,Web
575,2025-03-23,UAE,Android
576,2025-03-21,UAE,Android
577,2025-02-12,Egypt,Android
578,2025-01-12,UAE,iOS
579,2025-01-31,Egypt,iOS
580,2025-03-28,Egypt,iOS
581,2025-02-09,Egypt,Android
582,2025-01-29,UAE,Android
583,2025-01-26,Egypt,iOS
584,2025-01-19,Egypt,iOS
585,2025-01-04,Saudi,Web
586,2025-01-06,Egypt,Android
587,2025-02-01,Egypt,iOS
588,2025-03-02,Egypt,Android
589,2025-03-20,Egypt,Android
590,2025-01-10,Egypt,iOS
591,2025-02-28,Egypt,iOS
592,2025-02-23,Saudi,Web
593,2025-03-22,Egypt,Android
594,2025-03-15,Egypt,Android
595,2025-01-25,UAE,iOS
596,2025-03-31,Egypt,iOS
597,2025-02-19,Saudi,Android
598,2025-03-05,Egypt,Android
599,2025-02-21,Egypt,Android
600,2025-02-01,Egypt,Web
601,2025-01-19,Egypt,Android
602,2025-03-25,Egypt,Android
603,2025-03-30,Egypt,Android
604,2025-01-01,Egypt,Android
605,2025-01-14,Egypt,Android
606,2025-02-24,Egypt,iOS
607,2025-01-29,Egypt,Android
608,2025-01-23,Egypt,Web
609,2025-03-31,Saudi,Android
610,2025-03-08,Saudi,iOS
611,2025-03-01,Egypt,Web
612,2025-01-07,Saudi,iOS
613,2025-03-13,Saudi,iOS
614,2025-02-01,Egypt,Android
615,2025-01-16,UAE,Android
616,2025-02-28,UAE,iOS
617,2025-01-18,Egypt,Web
618,2025-03-01,Egypt,iOS
619,2025-03-27,UAE,iOS
620,2025-03-09,Saudi,iOS
621,2025-03-13,Egypt,iOS
622,2025-03-18,Egypt,Android
623,2025-02-10,Egypt,iOS
624,2025-02-26,Egypt,Web
625,2025-03-20,Saudi,Android
626,2025-03-06,Egypt,iOS
627,2025-02-24,Egypt,Android
628,2025-03-12,Saudi,iOS
629,2025-02-27,Egypt,Android
630,2025-01-21,Egypt,iOS
631,2025-03-02,Saudi,iOS
632,2025-02-27,UAE,Android
633,2025-02-03,Saudi,iOS
634,2025-02-01,Saudi,iOS
635,2025-03-23,Egypt,Web
636,2025-02-05,Egypt,Android
637,2025-03-08,Saudi,Android
638,2025-03-04,Egypt,Android
639,2025-03-22,Egypt,Web
640,2025-01-31,Egypt,Web
641,2025-02-05,Egypt,iOS
642,2025-02-26,Egypt,Web
643,2025-01-10,Egypt,iOS
644,2025-02-06,Egypt,iOS
645,2025-01-31,Egypt,Android
646,2025-02-04,UAE,iOS
647,2025-02-12,Saudi,Android
648,2025-02-10,Saudi,Web
649,2025-03-11,Saudi,iOS
650,2025-01-11,Egypt,iOS
651,2025-01-18,Egypt,Android
652,2025-01-20,Saudi,Android
653,2025-01-30,Saudi,Android
654,2025-02-19,Saudi,Android
655,2025-03-30,Egypt,Android
656,2025-01-20,Egypt,Web
657,2025-01-28,Egypt,iOS
658,2025-01-09,Egypt,Android
659,2025-02-23,Saudi,Android
660,2025-02-22,Saudi,Android
661,2025-02-12,Egypt,iOS
662,2025-03-11,UAE,iOS
663,2025-03-01,Saudi,Web
664,2025-02-23,Egypt,iOS
665,2025-01-08,Egypt,Web
666,2025-01-27,Egypt,Web
667,2025-02-23,Egypt,Android
668,2025-02-19,Egypt,Web
669,2025-03-16,Egypt,Android
670,2025-03-31,Egypt,Web
671,2025-01-03,Egypt,Android
672,2025-03-15,UAE,Web
673,2025-02-18,Egypt,Web
674,2025-03-03,Saudi,Web
675,2025-01-01,Egypt,iOS
676,2025-02-15,UAE,Android
677,2025-02-08,Egypt,Android
678,2025-02-19,Egypt,Android
679,2025-02-23,UAE,Android
680,2025-03-10,UAE,iOS
681,2025-03-11,UAE,Android
682,2025-03-19,Egypt,Web
683,2025-01-29,Egypt,iOS
684,2025-03-04,Saudi,Web
685,2025-01-29,UAE,Android
686,2025-02-04,Saudi,Web
687,2025-02-25,Saudi,Web
688,2025-03-04,Egypt,iOS
689,2025-01-04,Saudi,iOS
690,2025-02-19,Egypt,iOS
691,2025-02-13,Egypt,Android
692,2025-03-27,Egypt,iOS
693,2025-03-28,Saudi,Android
694,2025-02-21,Egypt,Android
695,2025-01-22,Egypt,Android
696,2025-03-01,Saudi,Android
697,2025-01-17,Egypt,Android
698,2025-03-21,Saudi,Android
699,2025-03-10,Egypt,Web
700,2025-01-04,Egypt,iOS
701,2025-02-20,Saudi,Web
702,2025-03-17,Egypt,Android
703,2025-03-14,Egypt,Android
704,2025-03-26,Egypt,iOS
705,2025-01-04,Egypt,Android
706,2025-01-11,UAE,Android
707,2025-03-24,Egypt,iOS
708,2025-02-24,UAE,Android
709,2025-01-18,Egypt,iOS
710,2025-03-01,Saudi,iOS
711,2025-01-24,Saudi,Android
712,2025-01-07,Saudi,Android
713,2025-02-03,Egypt,iOS
714,2025-02-18,Egypt,iOS
715,2025-02-11,Egypt,Android
716,2025-01-28,UAE,Web
717,2025-02-28,UAE,Android
718,2025-02-11,UAE,iOS
719,2025-02-13,Egypt,Web
720,2025-02-18,Saudi,Android
721,2025-02-05,UAE,Android
722,2025-02-23,Egypt,Android
723,2025-02-02,Egypt,Android
724,2025-01-11,Saudi,Android
725,2025-03-02,Saudi,iOS
726,2025-01-03,UAE,Android
727,2025-03-11,Egypt,iOS
728,2025-01-07,Saudi,Web
729,2025-02-14,Egypt,Web
730,2025-01-29,Egypt,iOS
731,2025-03-25,Egypt,Android
732,2025-01-09,UAE,iOS
733,2025-03-25,Saudi,iOS
734,2025-01-06,Saudi,Android
735,2025-01-04,Egypt,Android
736,2025-02-01,UAE,Web
737,2025-01-26,Egypt,Android
738,2025-01-03,UAE,Android
739,2025-03-21,Egypt,Android
740,2025-01-20,Egypt,Android
741,2025-01-31,Egypt,Web
742,2025-01-17,Egypt,iOS
743,2025-03-02,Saudi,iOS
744,2025-03-27,Saudi,Android
745,2025-01-15,Egypt,Android
746,2025-03-14,UAE,iOS
747,2025-01-28,Egypt,Android
748,2025-03-01,Saudi,Android
749,2025-03-31,UAE,iOS
750,2025-02-02,Saudi,Android
751,2025-02-17,Egypt,iOS
752,2025-01-22,UAE,Android
753,2025-03-19,Saudi,Android
754,2025-03-19,Egypt,Android
755,2025-01-15,Egypt,Web
756,2025-01-21,Saudi,Web
757,2025-02-09,Saudi,Web
758,2025-01-14,Saudi,iOS
759,2025-03-16,UAE,Android
760,2025-01-04,Saudi,iOS
761,2025-02-09,Egypt,iOS
762,2025-03-15,Egypt,Web
763,2025-03-28,Egypt,Android
764,2025-02-18,Saudi,iOS
765,2025-02-20,Egypt,Android
766,2025-01-26,Saudi,Android
767,2025-01-10,Saudi,iOS
768,2025-03-17,UAE,iOS
769,2025-03-30,Egypt,Android
770,2025-03-22,UAE,Android
771,2025-02-01,Egypt,iOS
772,2025-01-14,UAE,iOS
773,2025-03-31,Egypt,Web
774,2025-02-08,Egypt,Web
775,2025-03-29,Saudi,iOS
776,2025-03-18,Egypt,Android
777,2025-01-16,Egypt,iOS
778,2025-03-14,Saudi,Android
779,2025-01-06,Saudi,Android
780,2025-02-14,Saudi,Web
781,2025-03-10,Saudi,Android
782,2025-02-24,Saudi,Web
783,2025-03-26,Egypt,iOS
784,2025-02-17,Egypt,iOS
785,2025-01-09,Egypt,iOS
786,2025-03-06,UAE,Web
787,2025-03-24,Saudi,iOS
788,2025-02-13,Egypt,iOS
789,2025-01-02,Egypt,Android
790,2025-02-23,UAE,iOS
791,2025-03-04,Egypt,Android
792,2025-01-14,Saudi,iOS
793,2025-02-25,Saudi,iOS
794,2025-02-16,Saudi,iOS
795,2025-03-23,Egypt,Android
796,2025-02-28,UAE,Android
797,2025-01-20,UAE,iOS
798,2025-02-25,Saudi,Android
799,2025-01-23,Saudi,Android
800,2025-03-08,UAE,Android
801,2025-03-25,Saudi,Web
802,2025-02-04,Egypt,iOS
803,2025-03-20,Saudi,Android
804,2025-03-10,Saudi,Android
805,2025-03-03,Egypt,Android
806,2025-03-01,Saudi,iOS
807,2025-02-25,UAE,iOS
808,2025-03-17,UAE,Android
809,2025-02-04,Egypt,Android
810,2025-02-11,Egypt,Android
811,2025-02-01,UAE,iOS
812,2025-01-12,UAE,iOS
813,2025-02-05,Egypt,Android
814,2025-02-27,UAE,Android
815,2025-02-01,UAE,Android
816,2025-03-01,Saudi,Web
817,2025-03-14,Saudi,Android
818,2025-03-20,Egypt,iOS
819,2025-03-27,Egypt,iOS
820,2025-02-18,Egypt,Android
821,2025-02-13,UAE,Android
822,2025-01-04,Egypt,Android
823,2025-03-05,Egypt,iOS
824,2025-02-11,Egypt,iOS
825,2025-01-24,Saudi,iOS
826,2025-03-04,UAE,iOS
827,2025-01-28,Egypt,Android
828,2025-02-15,Egypt,Web
829,2025-02-03,Saudi,iOS
830,2025-02-13,Egypt,Android
831,2025-02-05,Egypt,Web
832,2025-03-18,Egypt,iOS
833,2025-03-31,Egypt,iOS
834,2025-02-05,Egypt,iOS
835,2025-03-13,Egypt,Web
836,2025-01-02,Egypt,iOS
837,2025-03-08,UAE,Android
838,2025-01-25,Egypt,Android
839,2025-01-11,Saudi,Web
840,2025-01-31,Saudi,Android
841,2025-02-22,Egypt,Android
842,2025-03-04,Saudi,Android
843,2025-03-13,Egypt,Android
844,2025-01-31,UAE,iOS
845,2025-03-30,Egypt,Web
846,2025-03-02,Egypt,Android
847,2025-03-24,Egypt,Android
848,2025-03-04,UAE,Android
849,2025-02-27,Saudi,Web
850,2025-01-03,Saudi,iOS
851,2025-01-12,Egypt,Android
852,2025-02-07,Saudi,Web
853,2025-01-29,Egypt,Web
854,2025-02-21,UAE,Web
855,2025-03-30,Egypt,Web
856,2025-02-01,Egypt,Android
857,2025-02-09,Egypt,iOS
858,2025-03-26,Egypt,iOS
859,2025-03-16,Saudi,Web
860,2025-02-17,Egypt,iOS
861,2025-03-02,Saudi,iOS
862,2025-03-12,Egypt,iOS
863,2025-03-09,Saudi,Android
864,2025-02-14,Egypt,iOS
865,2025-02-24,Egypt,Web
866,2025-03-12,Saudi,Web
867,2025-02-12,Egypt,Android
868,2025-02-15,Egypt,Android
869,2025-03-31,UAE,Android
870,2025-02-28,UAE,iOS
871,2025-02-04,Egypt,Web
872,2025-02-09,Egypt,Android
873,2025-02-02,Saudi,iOS
874,2025-01-30,Egypt,Web
875,2025-01-16,Egypt,iOS
876,2025-01-25,Egypt,iOS
877,2025-02-10,Saudi,iOS
878,2025-01-16,Saudi,iOS
879,2025-03-10,Egypt,Android
880,2025-03-30,Egypt,iOS
881,2025-01-24,Egypt,iOS
882,2025-01-25,Saudi,Web
883,2025-01-28,Egypt,iOS
884,2025-03-03,Egypt,iOS
885,2025-02-05,Saudi,Android
886,2025-03-17,Egypt,iOS
887,2025-03-09,Saudi,Android
888,2025-03-18,Egypt,Android
889,2025-02-06,Egypt,iOS
890,2025-01-13,Egypt,Web
891,2025-01-25,Saudi,Android
892,2025-02-07,UAE,Android
893,2025-01-30,UAE,Web
894,2025-02-16,Egypt,Android
895,2025-01-23,Saudi,iOS
896,2025-02-08,Egypt,iOS
897,2025-01-02,Egypt,iOS
898,2025-03-10,UAE,Android
899,2025-01-17,Egypt,Android
900,2025-02-05,Egypt,iOS
901,2025-01-06,Egypt,iOS
902,2025-01-07,Egypt,Android
903,2025-03-12,Egypt,iOS
904,2025-02-07,Saudi,Android
905,2025-03-31,Egypt,iOS
906,2025-01-17,UAE,Android
907,2025-03-23,UAE,Web
908,2025-03-04,Egypt,Android
909,2025-01-14,Egypt,Android
910,2025-01-02,Egypt,Android
911,2025-03-15,Saudi,Android
912,2025-02-06,Egypt,Web
913,2025-03-02,Saudi,Web
914,2025-03-03,Egypt,Android
915,2025-02-26,Saudi,Android
916,2025-02-13,Egypt,iOS
917,2025-01-24,Egypt,Web
918,2025-01-07,UAE,iOS
919,2025-02-02,Saudi,Android
920,2025-03-03,Egypt,Android
921,2025-01-15,UAE,iOS
922,2025-01-09,Egypt,Android
923,2025-02-21,UAE,iOS
924,2025-03-04,Saudi,Android
925,2025-01-10,Egypt,iOS
926,2025-03-15,Egypt,Android
927,2025-03-22,Egypt,iOS
928,2025-03-29,Saudi,iOS
929,2025-01-07,Saudi,iOS
930,2025-01-20,Egypt,Android
931,2025-01-20,Egypt,iOS
932,2025-03-14,UAE,iOS
933,2025-02-08,UAE,iOS
934,2025-01-11,Saudi,iOS
935,2025-02-01,Egypt,iOS
936,2025-01-16,Egypt,Web
937,2025-03-13,Egypt,Android
938,2025-02-23,UAE,Web
939,2025-03-19,Egypt,iOS
940,2025-03-18,Saudi,Android
941,2025-03-21,Egypt,Android
942,2025-01-29,Saudi,Android
943,2025-03-08,Saudi,iOS
944,2025-02-18,UAE,iOS
945,2025-02-27,Egypt,iOS
946,2025-02-26,Egypt,iOS
947,2025-02-08,Egypt,Android
948,2025-03-17,UAE,Android
949,2025-02-24,UAE,Android
950,2025-02-09,Saudi,Android
951,2025-03-14,Saudi,Android
952,2025-03-21,Saudi,Android
953,2025-01-08,Egypt,iOS
954,2025-03-20,UAE,iOS
955,2025-01-13,Egypt,Web
956,2025-01-27,Egypt,Web
957,2025-03-22,Saudi,iOS
958,2025-01-28,Egypt,Android
959,2025-02-03,Egypt,iOS
960,2025-03-26,Saudi,iOS
961,2025-01-11,Egypt,Android
962,2025-01-21,Saudi,Android
963,2025-01-31,Egypt,Web
964,2025-01-23,Egypt,Android
965,2025-03-12,Egypt,iOS
966,2025-01-10,Egypt,iOS
967,2025-01-21,Saudi,Android
968,2025-01-01,Egypt,Android
969,2025-02-22,Saudi,Android
970,2025-02-27,Egypt,Android
971,2025-03-30,Saudi,Android
972,2025-03-18,UAE,Web
973,2025-03-02,Saudi,Android
974,2025-02-07,Egypt,iOS
975,2025-01-05,Egypt,Android
976,2025-01-30,Egypt,Web
977,2025-02-06,Saudi,Android
978,2025-02-06,Egypt,Android
979,2025-03-31,Egypt,Web
980,2025-02-28,Saudi,Web
981,2025-01-10,Egypt,Android
982,2025-03-29,Saudi,Web
983,2025-01-30,Egypt,iOS
984,2025-02-03,Egypt,iOS
985,2025-03-22,Saudi,Android
986,2025-03-17,Egypt,Android
987,2025-03-26,Saudi,iOS
988,2025-01-26,Egypt,iOS
989,2025-02-24,Egypt,Android
990,2025-01-15,UAE,iOS
991,2025-03-11,Saudi,iOS
992,2025-01-29,Saudi,Android
993,2025-03-24,Egypt,iOS
994,2025-01-20,Saudi,Android
995,2025-02-04,Egypt,iOS
996,2025-01-19,Egypt,iOS
997,2025-01-10,UAE,Web
998,2025-01-08,Egypt,Android
999,2025-01-22,UAE,Android
1000,2025-02-09,Egypt,Android
